{
    "minLabelHeight": 18,
    "minLabelWidth": 12,
    "minLabelGap": {
        "recomended": 20,
        "warning": 10
    },
    "warpAroundDef": 0.6,
    "wrapAroundMessage": "Due to limitations of out labeler, we are not able to apply a back label while applying a wraparound style label to the front",
    "orangeZoneMeaage": "Current label measurement is outside the recomended range. This may cause longer setup, may run slower and there is a chance of bubbles. (Additional packaging charges may apply due to lower hourly output). \nThere will be no liability on dry-goods suppliers or bottler, if label application issues are encountered. By dissmissing this alert you acknowledge these risks",
    "helpMessage": "Unsure of how to take your measurements? \nFor height take the vertical distance from the highest to the lowest point of your label \nFor Width take the horizontal distance from the furthest left point to the furthest right point<hr>If your measurements are invalid and you wish to discuss why, feel free to contact us [help link here]",
    "helpLink": "https://www.wineworks.co.nz/",
    "invalidWarning": "The current label specs are invalid",
    
    "BurgundyHeight": 297,
    "BordeauxHeight": 310,
    "RieslingHeight": 330,
    "SparklingHeight": 300,
    "MagnumHeight": 345,
    "Premium BurgundyHeight": 298
}