{"data": [
{
    "Supplier": "O-I",
    "Bottle": "Burgundy",
    "ID": "31555",
    "Name": "Punted",
    "Min offset warning": "18",
    "Max height warning": "107",
    "Max width warning": "168.4571429",
    "V point x": "125.7142857",
    "U point y": "61.8",
    "Min offset": "20",
    "Max height": "103",
    "Max width": "100.5714286",
    "Diameter": "80"
},
{
    "Supplier": "O-I",
    "Bottle": "Burgundy",
    "ID": "30733",
    "Name": "Punted",
    "Min offset warning": "16",
    "Max height warning": "107.4",
    "Max width warning": "168.4571429",
    "V point x": "125.7142857",
    "U point y": "62.04",
    "Min offset": "18",
    "Max height": "103.4",
    "Max width": "100.5714286",
    "Diameter": "80"
},
{
    "Supplier": "O-I",
    "Bottle": "Burgundy",
    "ID": "30105",
    "Name": "Premium",
    "Min offset warning": "18",
    "Max height warning": "83",
    "Max width warning": "181.0914286",
    "V point x": "135.1428571",
    "U point y": "47.4",
    "Min offset": "20",
    "Max height": "79",
    "Max width": "108.1142857",
    "Diameter": "86"
},
{
    "Supplier": "O-I",
    "Bottle": "Burgundy",
    "ID": "3662",
    "Name": "Ptd.",
    "Min offset warning": "16.3",
    "Max height warning": "107",
    "Max width warning": "172.6685714",
    "V point x": "128.8571429",
    "U point y": "61.8",
    "Min offset": "18.3",
    "Max height": "103",
    "Max width": "103.0857143",
    "Diameter": "82"
},
{
    "Supplier": "O-I",
    "Bottle": "Burgundy",
    "ID": "31103",
    "Name": "Grande",
    "Min offset warning": "16.3",
    "Max height warning": "89.2",
    "Max width warning": "183.6182857",
    "V point x": "137.0285714",
    "U point y": "51.12",
    "Min offset": "18.3",
    "Max height": "85.2",
    "Max width": "109.6228571",
    "Diameter": "87.2"
},
{
    "Supplier": "O-I",
    "Bottle": "Burgundy",
    "ID": "31296",
    "Name": "Ultra",
    "Min offset warning": "16.3",
    "Max height warning": "89.2",
    "Max width warning": "186.5662857",
    "V point x": "139.2285714",
    "U point y": "51.12",
    "Min offset": "18.3",
    "Max height": "85.2",
    "Max width": "111.3828571",
    "Diameter": "88.6"
},






{
    "Supplier": "O-I",
    "Bottle": "Bordeaux",
    "ID": "31256",
    "Name": "Punted",
    "Min offset warning": "18",
    "Max height warning": "156.9",
    "Max width warning": "158.5602857",
    "V point x": "118.3285714",
    "U point y": "91.74",
    "Min offset": "20",
    "Max height": "152.9",
    "Max width": "94.66285714",
    "Diameter": "75.3"
},
{
    "Supplier": "O-I",
    "Bottle": "Bordeaux",
    "ID": "30750",
    "Name": "Punted",
    "Min offset warning": "18",
    "Max height warning": "156.9",
    "Max width warning": "159.6131429",
    "V point x": "119.1142857",
    "U point y": "91.74",
    "Min offset": "20",
    "Max height": "152.9",
    "Max width": "95.29142857",
    "Diameter": "75.8"
},
{
    "Supplier": "O-I",
    "Bottle": "Bordeaux",
    "ID": "30053",
    "Name": "Premium",
    "Min offset warning": "21",
    "Max height warning": "165",
    "Max width warning": "160.4554286",
    "V point x": "119.7428571",
    "U point y": "96.6",
    "Min offset": "23",
    "Max height": "161",
    "Max width": "95.79428571",
    "Diameter": "76.2"
},





{
    "Supplier": "O-I",
    "Bottle": "Riesling",
    "ID": "3663",
    "Name": "Riesling",
    "Min offset warning": "18",
    "Max height warning": "114.9",
    "Max width warning": "160.4554286",
    "V point x": "119.7428571",
    "U point y": "66.54",
    "Min offset": "20",
    "Max height": "110.9",
    "Max width": "95.79428571",
    "Diameter": "76.2"
},
{
    "Supplier": "O-I",
    "Bottle": "Riesling",
    "ID": "30646",
    "Name": "Premium",
    "Min offset warning": "18",
    "Max height warning": "89",
    "Max width warning": "168.8782857",
    "V point x": "126.0285714",
    "U point y": "51",
    "Min offset": "20",
    "Max height": "85",
    "Max width": "100.8228571",
    "Diameter": "80.2"
},






{
    "Supplier": "O-I",
    "Bottle": "Burgundy",
    "ID": "31532",
    "Name": "SH",
    "Min offset warning": "10.2",
    "Max height warning": "90.8",
    "Max width warning": "181.0914286",
    "V point x": "135.1428571",
    "U point y": "52.08",
    "Min offset": "12.2",
    "Max height": "86.8",
    "Max width": "108.1142857",
    "Diameter": "86"
},
{
    "Supplier": "O-I",
    "Bottle": "Burgundy",
    "ID": "31549",
    "Name": "SH",
    "Min offset warning": "10.2",
    "Max height warning": "113",
    "Max width warning": "172.6685714",
    "V point x": "128.8571429",
    "U point y": "65.4",
    "Min offset": "12.2",
    "Max height": "109",
    "Max width": "103.0857143",
    "Diameter": "82"
},
{
    "Supplier": "O-I",
    "Bottle": "Burgundy",
    "ID": "31550",
    "Name": "SH",
    "Min offset warning": "10",
    "Max height warning": "95.5",
    "Max width warning": "183.6182857",
    "V point x": "137.0285714",
    "U point y": "54.9",
    "Min offset": "12",
    "Max height": "91.5",
    "Max width": "109.6228571",
    "Diameter": "87.2"
},





{
    "Supplier": "CR",
    "Bottle": "Burgundy",
    "ID": "CR404",
    "Name": "Legere",
    "Min offset warning": "18",
    "Max height warning": "106.8",
    "Max width warning": "168.4571429",
    "V point x": "125.7142857",
    "U point y": "61.68",
    "Min offset": "20",
    "Max height": "102.8",
    "Max width": "100.5714286",
    "Diameter": "80"
},
{
    "Supplier": "CR",
    "Bottle": "Burgundy",
    "ID": "CR403",
    "Name": "Export",
    "Min offset warning": "16",
    "Max height warning": "112",
    "Max width warning": "168.4571429",
    "V point x": "125.7142857",
    "U point y": "64.8",
    "Min offset": "18",
    "Max height": "108",
    "Max width": "100.5714286",
    "Diameter": "80"
},
{
    "Supplier": "CR",
    "Bottle": "Burgundy",
    "ID": "CR408",
    "Name": "Premier",
    "Min offset warning": "18",
    "Max height warning": "83",
    "Max width warning": "180.6702857",
    "V point x": "134.8285714",
    "U point y": "47.4",
    "Min offset": "20",
    "Max height": "79",
    "Max width": "107.8628571",
    "Diameter": "85.8"
},
{
    "Supplier": "CR",
    "Bottle": "Burgundy",
    "ID": "CR401",
    "Name": "Traditional",
    "Min offset warning": "14",
    "Max height warning": "109.5",
    "Max width warning": "171.6157143",
    "V point x": "128.0714286",
    "U point y": "63.3",
    "Min offset": "16",
    "Max height": "105.5",
    "Max width": "102.4571429",
    "Diameter": "81.5"
},
{
    "Supplier": "CR",
    "Bottle": "Burgundy",
    "ID": "CR409",
    "Name": "Grandeur",
    "Min offset warning": "18",
    "Max height warning": "87.5",
    "Max width warning": "183.1971429",
    "V point x": "136.7142857",
    "U point y": "50.1",
    "Min offset": "20",
    "Max height": "83.5",
    "Max width": "109.3714286",
    "Diameter": "87"
},
{
    "Supplier": "CR",
    "Bottle": "Burgundy",
    "ID": "CR4015",
    "Name": "Avignon",
    "Min offset warning": "15",
    "Max height warning": "81",
    "Max width warning": "184.0394286",
    "V point x": "137.3428571",
    "U point y": "46.2",
    "Min offset": "17",
    "Max height": "77",
    "Max width": "109.8742857",
    "Diameter": "87.4"
},
{
    "Supplier": "CR",
    "Bottle": "Burgundy",
    "ID": "CR407",
    "Name": "Passion",
    "Min offset warning": "17",
    "Max height warning": "93",
    "Max width warning": "185.3028571",
    "V point x": "138.2857143",
    "U point y": "53.4",
    "Min offset": "19",
    "Max height": "89",
    "Max width": "110.6285714",
    "Diameter": "88"
},
{
    "Supplier": "CR",
    "Bottle": "Burgundy",
    "ID": "CR478",
    "Name": "Alba",
    "Min offset warning": "24",
    "Max height warning": "88",
    "Max width warning": "181.5125714",
    "V point x": "135.4571429",
    "U point y": "50.4",
    "Min offset": "26",
    "Max height": "84",
    "Max width": "108.3657143",
    "Diameter": "86.2"
},
{
    "Supplier": "CR",
    "Bottle": "Burgundy",
    "ID": "CR4021",
    "Name": "Prestige",
    "Min offset warning": "25",
    "Max height warning": "114.8",
    "Max width warning": "225.7325714",
    "V point x": "168.4571429",
    "U point y": "66.48",
    "Min offset": "27",
    "Max height": "110.8",
    "Max width": "134.7657143",
    "Diameter": "107.2"
},







{
    "Supplier": "CR",
    "Bottle": "Bordeaux",
    "ID": "CR501",
    "Name": "Svelte",
    "Min offset warning": "17",
    "Max height warning": "153.7",
    "Max width warning": "158.3497143",
    "V point x": "118.1714286",
    "U point y": "89.82",
    "Min offset": "19",
    "Max height": "149.7",
    "Max width": "94.53714286",
    "Diameter": "75.2"
},
{
    "Supplier": "CR",
    "Bottle": "Bordeaux",
    "ID": "CR507",
    "Name": "Export",
    "Min offset warning": "19",
    "Max height warning": "159.5",
    "Max width warning": "158.7708571",
    "V point x": "118.4857143",
    "U point y": "93.3",
    "Min offset": "21",
    "Max height": "155.5",
    "Max width": "94.78857143",
    "Diameter": "75.4"
},
{
    "Supplier": "CR",
    "Bottle": "Bordeaux",
    "ID": "CR5015",
    "Name": "Superior",
    "Min offset warning": "18",
    "Max height warning": "157",
    "Max width warning": "177.9328571",
    "V point x": "132.7857143",
    "U point y": "91.8",
    "Min offset": "20",
    "Max height": "153",
    "Max width": "106.2285714",
    "Diameter": "84.5"
},
{
    "Supplier": "CR",
    "Bottle": "Bordeaux",
    "ID": "CR508",
    "Name": "Premium",
    "Min offset warning": "19",
    "Max height warning": "163",
    "Max width warning": "160.4554286",
    "V point x": "119.7428571",
    "U point y": "95.4",
    "Min offset": "21",
    "Max height": "159",
    "Max width": "95.79428571",
    "Diameter": "76.2"
},
{
    "Supplier": "CR",
    "Bottle": "Bordeaux",
    "ID": "CR5011",
    "Name": "Resolute",
    "Min offset warning": "21",
    "Max height warning": "184",
    "Max width warning": "157.5074286",
    "V point x": "117.5428571",
    "U point y": "108",
    "Min offset": "23",
    "Max height": "180",
    "Max width": "94.03428571",
    "Diameter": "74.8"
},




{
    "Supplier": "CR",
    "Bottle": "Flute",
    "ID": "CR302",
    "Name": "Primo",
    "Min offset warning": "17",
    "Max height warning": "101",
    "Max width warning": "158.5602857",
    "V point x": "118.3285714",
    "U point y": "58.2",
    "Min offset": "19",
    "Max height": "97",
    "Max width": "94.66285714",
    "Diameter": "75.3"
},




{
    "Supplier": "CR",
    "Bottle": "Sparkling",
    "ID": "CR982",
    "Name": "Carbeco",
    "Min offset warning": "19",
    "Max height warning": "97.5",
    "Max width warning": "178.1434286",
    "V point x": "132.9428571",
    "U point y": "56.1",
    "Min offset": "21",
    "Max height": "93.5",
    "Max width": "106.3542857",
    "Diameter": "84.6"
},
{
    "Supplier": "CR",
    "Bottle": "Sparkling",
    "ID": "CR988",
    "Name": "Beaumont",
    "Min offset warning": "18",
    "Max height warning": "97",
    "Max width warning": "182.1442857",
    "V point x": "135.9285714",
    "U point y": "55.8",
    "Min offset": "20",
    "Max height": "93",
    "Max width": "108.7428571",
    "Diameter": "86.5"
},
{
    "Supplier": "CR",
    "Bottle": "Sparkling",
    "ID": "CR989",
    "Name": "Gallivant",
    "Min offset warning": "17.5",
    "Max height warning": "105.5",
    "Max width warning": "180.0385714",
    "V point x": "134.3571429",
    "U point y": "60.9",
    "Min offset": "19.5",
    "Max height": "101.5",
    "Max width": "107.4857143",
    "Diameter": "85.5"
},
{
    "Supplier": "CR",
    "Bottle": "Sparkling",
    "ID": "CR983",
    "Name": "Brut",
    "Min offset warning": "10.8",
    "Max height warning": "85.5",
    "Max width warning": "201.0957143",
    "V point x": "150.0714286",
    "U point y": "48.9",
    "Min offset": "12.8",
    "Max height": "81.5",
    "Max width": "120.0571429",
    "Diameter": "95.5"
},




{
    "Supplier": "O-I",
    "Bottle": "Flute 375ml",
    "ID": "130761",
    "Name": "ml",
    "Min offset warning": "23",
    "Max height warning": "53",
    "Max width warning": "127.8168571",
    "V point x": "95.38571429",
    "U point y": "29.4",
    "Min offset": "25",
    "Max height": "49",
    "Max width": "76.30857143",
    "Diameter": "60.7"
},
{
    "Supplier": "O-I",
    "Bottle": "Bordeaux 375ml",
    "ID": "30157",
    "Name": "0",
    "Min offset warning": "21",
    "Max height warning": "122.8",
    "Max width warning": "129.712",
    "V point x": "96.8",
    "U point y": "71.28",
    "Min offset": "23",
    "Max height": "118.8",
    "Max width": "77.44",
    "Diameter": "61.6"
},
{
    "Supplier": "O-I",
    "Bottle": "Burgundy 375ml",
    "ID": "30152",
    "Name": "0",
    "Min offset warning": "17.8",
    "Max height warning": "75",
    "Max width warning": "141.7145714",
    "V point x": "105.7571429",
    "U point y": "42.6",
    "Min offset": "19.8",
    "Max height": "71",
    "Max width": "84.60571429",
    "Diameter": "67.3"
},
{
    "Supplier": "O-I",
    "Bottle": "Burgundy 187ml",
    "ID": "3641",
    "Name": "0",
    "Min offset warning": "17.3",
    "Max height warning": "45",
    "Max width warning": "116.2354286",
    "V point x": "86.74285714",
    "U point y": "24.6",
    "Min offset": "19.3",
    "Max height": "41",
    "Max width": "69.39428571",
    "Diameter": "55.2"
}
]}